{
  "cameraRes": [
    640,
    480
  ],
  "cameraMatrix": [
    [
      584.2502728174603,
      0.0,
      343.8382512175559
    ],
    [
      0.0,
      583.8579767471475,
      247.5569041698658
    ],
    [
      0.0,
      0.0,
      1.0
    ]
  ],
  "distortion": [
    [
      -0.39957241574861546,
      -0.2020269479244757,
      0.00017877064288603108,
      0.000982720514107752,
      1.2988013772916607
    ]
  ]
}