{
  "cameraRes": [
    640,
    480
  ],
  "cameraMatrix": [
    [
      927.3000424586495,
      0.0,
      356.89035902355124
    ],
    [
      0.0,
      932.0281050656347,
      249.21783008328606
    ],
    [
      0.0,
      0.0,
      1.0
    ]
  ],
  "distortion": [
    [
      -0.027496876053338778,
      2.683553743372353,
      0.0008860247709654219,
      0.004065171760685498,
      -12.1483500760956
    ]
  ]
}