{
  "cameraMatrix": [
    [
      586.1448732152043,
      0.0,
      351.5693629062192
    ],
    [
      0.0,
      586.0889104493665,
      252.2586424474363
    ],
    [
      0.0,
      0.0,
      1.0
    ]
  ],
  "distortion": [
    [
      -0.4718410631204992,
      0.5349257342222979,
      0.000554711180662626,
      0.0011910645805549556,
      -0.569890258634048
    ]
  ]
}