{
  "cameraRes": [
    640,
    480
  ],
  "cameraMatrix": [
    [
      927.3000424511321,
      0.0,
      356.890359034663
    ],
    [
      0.0,
      932.0281050578493,
      249.21783008804132
    ],
    [
      0.0,
      0.0,
      1.0
    ]
  ],
  "distortion": [
    [
      -0.02749687589000842,
      2.683553740506791,
      0.0008860247758430789,
      0.0040651717627589925,
      -12.1483500626528
    ]
  ]
}