{
  "cameraMatrix": [
    [
      931.6875259463475,
      0.0,
      368.6529775717311
    ],
    [
      0.0,
      938.2888188066551,
      244.39806429220505
    ],
    [
      0.0,
      0.0,
      1.0
    ]
  ],
  "distortion": [
    [
      -0.04909933542898618,
      3.0258177074680384,
      0.0016439429643602555,
      0.008656580653643765,
      -14.156021318852163
    ]
  ]
}